,,Overall,,,,,,,Conf.,,,Home,,,Away,,,Points,,,Totals,,,,,,,,,,,,,,,,
Rk,School,G,W,L,W-L%,SRS,SOS,,W,L,,W,L,,W,L,,Tm.,Opp.,,MP,FG,FGA,FG%,3P,3PA,3P%,FT,FTA,FT%,ORB,TRB,AST,STL,BLK,TOV,PF
1,Abilene Christian,31,10,21,0.323,-17.2,-6.34,,4,14,,7,6,,1,14,,63.7,70.5,,40,22.4,54.3,0.413,7.48,19.7,0.38,11.4,15.7,0.727,8.84,28.9,12.7,6.55,1.23,12.9,21.3
2,Air Force,31,14,17,0.452,-1.85,-0.71,,6,12,,11,5,,1,11,,65.7,65.1,,40.2,23.9,50.5,0.474,7.48,20.2,0.371,10.4,15.7,0.659,8.55,30,15.6,6.29,2.1,11.8,17.8
3,Akron,35,21,14,0.6,3.65,-0.47,,9,9,,15,3,,2,9,,68.1,62.9,,40.2,23.5,56.6,0.416,9.37,26.8,0.35,11.6,17.6,0.658,12,35.7,12.4,6.57,4.43,12.1,18.7
4,Alabama,34,19,15,0.559,10.52,8.09,,8,10,,14,5,,4,8,,67.1,64.1,,40.3,22.4,50.7,0.441,6.5,20.5,0.317,15.9,22.1,0.717,9.56,33,10.3,6.44,3.68,12,19.2
5,Alabama A&M,29,9,20,0.31,-17.15,-9.62,,8,10,,4,7,,5,12,,62,68.6,,40.2,21,52.9,0.397,5.72,19.9,0.288,14.3,22.2,0.645,12.7,34.4,12.2,5.69,2.34,14.2,19.8
6,Alabama State,29,19,10,0.655,-8.97,-12.71,,14,4,,9,3,,8,5,,72.1,66.8,,40.2,26.2,59.9,0.438,5.93,16.6,0.358,13.7,21,0.65,13.4,39.7,13.6,6.34,4.21,13.7,17.9
7,Albany (NY) ,33,24,9,0.727,-0.34,-5.18,,15,1,,12,3,,12,5,,65.3,60.5,,40.2,22.1,50.5,0.438,6.21,17.3,0.358,14.9,19.7,0.758,10.1,33.7,10.6,5.67,1.61,11.5,16.5
8,Alcorn State,32,6,26,0.188,-20.75,-9.95,,4,14,,4,7,,1,15,,64.6,74.3,,40,22.6,58.3,0.388,4.84,17.3,0.28,14.5,22,0.658,11.8,32.4,8.91,5.97,2.69,11.5,17.8
9,American,33,17,16,0.515,-3.56,-3.71,,8,10,,8,3,,7,13,,58.7,58.6,,40.6,20.7,44.8,0.462,6.45,17.3,0.373,10.9,15.4,0.705,5.7,25.1,12.4,5.94,2.55,11.2,14.7
10,Appalachian State,29,12,17,0.414,-9.81,-3.18,,9,11,,7,5,,5,12,,63.5,70.1,,40,22,55.2,0.398,6.41,20.3,0.316,13.1,18.5,0.709,11.3,34.8,11,4.21,2.1,13.7,19
11,Arizona ,38,34,4,0.895,24.33,7.41,,16,2,,17,0,,8,3,,76.6,59.7,,40.1,26.6,54.4,0.488,5.08,14.1,0.36,18.4,25.6,0.719,10.8,36.8,13.9,7.24,3.45,11,17.9
12,Arizona State,34,18,16,0.529,9.52,6.66,,9,9,,15,3,,3,10,,69.4,66.6,,40.7,23.8,53.5,0.445,6.79,19.4,0.35,15,22.5,0.667,10.7,34.8,12.7,5.85,2.32,13.9,18.8
13,Arkansas ,36,27,9,0.75,14.07,6.79,,13,5,,17,2,,7,5,,77.4,70.1,,40.3,27.2,61,0.445,6.61,18.9,0.349,16.5,22.8,0.724,13.1,35.8,16.1,7.69,4.67,11.9,19
14,Arkansas State,29,11,18,0.379,-10.1,-3.81,,6,14,,5,9,,6,9,,64.4,69.6,,40.3,22.9,56.2,0.407,5.83,17.7,0.329,12.8,18.3,0.702,11,35.8,11.1,5.31,3.07,13.4,17.1
15,Arkansas-Pine Bluff,32,12,20,0.375,-15.65,-8.61,,9,9,,5,4,,5,13,,59.8,66.9,,40.2,20.5,51.2,0.4,6.34,19.1,0.332,12.4,18.3,0.68,10.2,29,10.1,8.84,3.38,15.3,19.5
16,Army,30,15,15,0.5,-6.5,-4.98,,6,12,,7,7,,7,8,,72.1,72.1,,40.5,26,58.9,0.441,7.57,23.2,0.326,12.6,18.6,0.68,10.8,34.4,14.6,6.4,3.53,13.2,20.4
17,Auburn,35,15,20,0.429,3.27,8.15,,4,14,,9,8,,2,10,,67.9,72.1,,40.4,21.7,53.7,0.404,7.2,20.8,0.347,17.3,26,0.666,10.2,31.5,10.7,6.8,2.54,12.9,20.2
18,Austin Peay,30,8,22,0.267,-12.45,-2.81,,3,13,,6,7,,1,14,,64.6,72.6,,40,22.1,55.6,0.398,5.17,17.1,0.302,15.2,22.8,0.666,12.4,34.8,12,6.37,4.13,14.3,17.1
19,Ball State,30,7,23,0.233,-5.06,0.04,,2,16,,6,9,,1,14,,65.4,69,,40.9,22.3,52.7,0.423,7.8,22.8,0.342,13,18.7,0.693,10.1,32.7,12.8,5.3,2.37,14.1,19.2
20,Baylor ,34,24,10,0.706,17.85,9.33,,11,7,,16,2,,6,5,,69.1,60.2,,40.3,23.9,55.1,0.434,6.94,18.4,0.377,14.3,21.3,0.674,14.6,39.2,14.6,7.74,3.88,12.8,16.6
21,Belmont ,33,22,11,0.667,0.35,-2.77,,11,5,,12,2,,7,8,,74.2,70.6,,40,26,54.6,0.476,9.97,26.2,0.38,12.3,17.7,0.692,9.3,33.1,15.3,6.33,2,13.7,16.6
22,Bethune-Cookman,32,11,21,0.344,-15.52,-10.45,,7,9,,6,8,,4,11,,59.3,62.6,,40,19.6,49,0.4,5.09,16.9,0.301,15.1,21,0.717,11.6,33,8.25,5.44,2.63,14,19.5
23,Binghamton,32,6,26,0.188,-13.45,-3.49,,5,11,,5,9,,1,15,,57.7,66.4,,40.2,19.8,49.9,0.396,5.34,17.3,0.309,12.8,19.3,0.66,9,31,8.69,5.81,2.5,13.5,18
24,Boise State ,34,25,9,0.735,10.01,1.38,,14,4,,13,1,,8,5,,70.3,60.1,,40.7,24.4,53.6,0.456,8.74,22.3,0.392,12.7,17.4,0.729,8.76,32.9,12,6.06,2.32,10.2,17.1
25,Boston College,32,13,19,0.406,6.32,7.94,,4,14,,9,8,,2,7,,65.8,67.4,,40.6,23.2,52.1,0.445,6.47,19.9,0.324,12.9,18.3,0.705,8.22,30.7,13.2,5.72,2.69,12.2,19
26,Boston University,30,13,17,0.433,-5.63,-3.12,,9,9,,8,6,,5,10,,67.9,69.6,,40.3,22.3,49.9,0.446,7.73,21,0.368,15.6,22.5,0.696,8.77,31.8,12.3,5.67,1.87,12.3,17.4
27,Bowling Green State,33,21,12,0.636,2.93,-1.25,,11,7,,11,6,,10,5,,66.5,62.9,,40.2,23.6,54.7,0.431,6.61,19.6,0.337,12.7,17.8,0.714,10.8,35,12.3,6.64,3.73,11.7,16.7
28,Bradley,33,9,24,0.273,-4.3,1.52,,3,15,,7,9,,1,10,,57,61.4,,40.6,19.4,51.5,0.376,5.42,18,0.301,12.9,19.4,0.663,11.4,33.3,9.33,6.88,2.82,12.7,19.5
29,Brigham Young ,35,25,10,0.714,13.53,5.02,,13,5,,13,3,,8,3,,83.7,73.2,,40.6,27.9,59.7,0.467,8.57,21.8,0.393,19.4,25.3,0.766,12,38.5,17,7.34,2.94,11.9,20.6
30,Brown,31,13,18,0.419,-7.23,-1.99,,4,10,,9,6,,3,11,,66.1,69.2,,40.2,22.1,52.4,0.423,5.65,17.7,0.319,16.2,23.5,0.689,10.5,36.4,11.9,4.48,4.45,14.8,19.1
31,Bryant,31,16,15,0.516,-6.28,-4.93,,12,6,,9,5,,7,10,,66.4,67.7,,40.5,22.9,54.3,0.421,7.29,21.1,0.346,13.4,17.8,0.75,9.87,33.2,12.3,5.06,2.48,11.8,18.1
32,Bucknell,34,19,15,0.559,-3.66,-2.75,,13,5,,12,4,,6,11,,68.8,69,,40.6,23.5,53.8,0.438,6.85,17.8,0.385,14.9,21.4,0.697,10,33.7,13.1,4.09,2.79,11.1,18.6
33,Buffalo ,33,23,10,0.697,7.93,1.6,,12,6,,11,2,,9,7,,74.6,68.3,,40,25.4,58.2,0.435,6.03,17.7,0.341,17.8,24.8,0.719,12.7,38.2,13.1,7.52,4,11.5,18.6
34,Butler ,34,23,11,0.676,16.64,8.62,,12,6,,13,3,,7,4,,69,61,,40.6,23.9,55.4,0.433,5.65,15.9,0.356,15.5,22.6,0.686,12,36.4,11.4,6.38,3.03,11.1,17.4
35,Cal Poly,29,13,16,0.448,-0.57,0.43,,6,10,,7,4,,5,10,,60.4,59.3,,40.3,21.4,54.8,0.39,5.72,18.4,0.311,11.9,17.4,0.684,11.8,34.6,10.2,5.45,3,8.79,16
36,Cal State Bakersfield,33,14,19,0.424,-6.4,-5.8,,7,7,,9,5,,3,10,,63.6,61.5,,40.8,21.7,51.6,0.42,5.64,16.8,0.336,14.7,20.3,0.723,11.2,34.6,12.9,5.76,1.79,12.4,20.4
37,Cal State Fullerton,31,9,22,0.29,-8.58,-1.06,,1,15,,6,9,,1,13,,64.2,69.5,,40.5,22.5,54.7,0.412,5.39,16.9,0.319,13.8,20.1,0.687,10.4,35.1,9.84,5.03,2,12.6,18.3
38,Cal State Northridge,33,9,24,0.273,-6.61,0.39,,4,12,,7,9,,1,14,,65.1,70.5,,40.3,22.4,52.8,0.425,3.33,10.2,0.326,16.9,22.1,0.765,9.85,34.3,13.4,5.45,3.79,13.2,18.1
39,California,33,18,15,0.545,5.36,6.15,,7,11,,11,7,,5,6,,66.5,67.3,,40.3,24.9,56.6,0.44,5.61,15.6,0.359,11.2,17.2,0.649,9.06,35.5,12.5,4.15,3.85,11.1,19
40,Campbell,32,10,22,0.313,-11.13,-5.3,,4,14,,9,6,,1,15,,63.9,66.4,,40.2,22,51.7,0.426,8.19,23,0.356,11.7,18.7,0.625,9.53,30.9,13.1,7.06,2.88,12.6,18
41,Canisius,33,18,15,0.545,-0.04,-2.79,,11,9,,10,5,,8,8,,65.7,62.9,,40.3,23.1,56.5,0.409,6.52,20.5,0.318,13,18.1,0.72,12.2,35.1,14.1,6.76,3.27,11.9,18.4
42,Central Arkansas,29,2,27,0.069,-22.84,-5.94,,2,16,,2,11,,0,16,,65.3,82.2,,40,22.3,52.6,0.424,6.76,19.2,0.353,14,20.7,0.678,9.41,31.1,12.4,6.28,3.93,18.2,20.8
43,Central Connecticut State,31,5,26,0.161,-16.56,-5.62,,3,15,,4,9,,1,13,,59.2,70.1,,40.2,21.7,54,0.402,4.71,14.6,0.322,11,15.5,0.71,10.7,33.7,11,4.94,3.52,13.7,13.8
44,Central Michigan,32,23,9,0.719,5.56,-1.1,,12,6,,16,1,,6,7,,78.3,68.3,,40.2,26.5,56.8,0.467,10.1,27,0.373,15.2,20.9,0.725,10.2,33.8,14,7.06,2.63,10.2,17.6
45,Charleston Southern,31,19,12,0.613,-4.48,-5.23,,13,5,,13,2,,6,9,,73.5,68.7,,40.6,25.1,59.5,0.421,9.29,27.3,0.341,14,20.4,0.687,13,37.8,12.8,6.9,2.23,11.4,17.4
46,Charlotte,32,14,18,0.438,1.76,0.35,,7,11,,7,6,,5,9,,73.8,72.4,,41.3,26.8,57.9,0.463,6.28,16.7,0.377,13.9,21.4,0.65,11.9,36.4,13.7,6.47,2.5,13.6,17.4
47,Chattanooga,32,22,10,0.688,-1.63,-4.06,,15,3,,15,2,,7,7,,72.7,66.9,,40.8,24.8,54.8,0.452,6.78,19.4,0.349,16.3,23.8,0.685,11.6,34.9,12,6.56,6.34,13.1,19.4
48,Chicago State,32,8,24,0.25,-14.76,-2.48,,4,10,,7,5,,1,16,,58,66.1,,40.2,20.6,54.6,0.377,6.06,20.1,0.301,10.7,16.1,0.667,12.2,32.8,9.22,8.38,2.91,14.7,21.3
49,Cincinnati ,34,23,11,0.676,10.72,4.4,,13,5,,15,3,,6,5,,62.1,55.8,,40.6,22.4,50.1,0.446,4.91,14.9,0.329,12.5,18.6,0.67,11.3,34.6,11.6,6.53,5.44,12.7,14.9
50,Clemson,31,16,15,0.516,7.73,7.18,,8,10,,11,6,,3,7,,62.7,62.2,,40.3,22.2,54.4,0.409,5.52,18.5,0.299,12.7,18.7,0.682,11.9,36.2,10.6,5.42,4.77,11.8,16.2
51,Cleveland State,34,19,15,0.559,3.07,-0.78,,11,5,,12,3,,6,12,,67.5,61.7,,39.3,24.6,53.5,0.459,7.26,19,0.382,11.6,16.9,0.687,10.4,31.5,13.4,7.82,3.29,12,19.2
52,Coastal Carolina ,34,24,10,0.706,-1.02,-6.18,,12,6,,14,2,,8,7,,71.7,62.4,,40,24.6,55.9,0.44,6.71,18.6,0.36,15.8,22.9,0.69,13.1,39.4,11.3,7.06,3.26,11.7,16.4
53,Colgate,33,16,17,0.485,-2.91,-3.41,,12,6,,10,5,,6,12,,66,64.4,,40.8,24.4,50.3,0.484,7.67,19.7,0.39,9.58,13.7,0.698,6.94,30.1,13.5,5.15,2.7,11.5,16.9
54,College of Charleston,33,9,24,0.273,-7.23,-1.26,,3,15,,5,9,,2,12,,58.6,64.6,,40.3,20.8,51.8,0.402,5.97,17.4,0.343,11.1,16.8,0.66,9.52,32.2,9.61,5.52,2.91,12,20.6
55,Colorado,34,16,18,0.471,7.01,6.19,,7,11,,12,5,,2,11,,69,68.1,,40.6,23.9,54.7,0.436,5.26,15.7,0.335,15.9,22.4,0.713,11.8,37.3,11.8,5.71,3.91,13.2,18.1
56,Colorado State,34,27,7,0.794,8.12,0.69,,13,5,,15,2,,8,4,,72.2,64.1,,40.1,24.6,55.9,0.44,7.21,20.6,0.351,15.7,23.4,0.674,12.1,37.9,14.7,5.59,3.41,10.6,16.9
57,Columbia,28,13,15,0.464,-0.38,-1.49,,5,9,,9,7,,4,7,,64.9,62,,40,22.8,51.9,0.438,8.71,23.9,0.364,10.6,14.9,0.716,10.3,32.7,11.9,4.89,3.57,11.7,17.9
58,Connecticut,35,20,15,0.571,8.28,4.22,,10,8,,11,5,,4,7,,64.1,60,,40.1,22.9,52.1,0.439,6.46,18.2,0.355,11.9,16.9,0.707,9.46,33.7,11.9,4.74,5.23,11.5,16.4
59,Coppin State,31,8,23,0.258,-17.84,-4.78,,6,10,,4,7,,3,15,,71.6,82.5,,40,24.5,61.5,0.398,9.52,26.6,0.357,13.2,19,0.692,10.3,32.1,12.6,6.68,3.19,13.5,20.4
60,Cornell,30,13,17,0.433,-3.58,-1.92,,5,9,,8,5,,5,9,,62.3,61.3,,40.3,20.5,51.9,0.395,6.03,19.3,0.313,15.2,20.3,0.749,8.27,32.7,10.4,6.23,4.73,12,19
61,Creighton,33,14,19,0.424,7.48,7.05,,4,14,,9,8,,3,9,,67.3,66.9,,40.6,22.6,53.8,0.42,7.94,23,0.345,14.2,19.5,0.725,10.5,34.5,13.6,4.45,2.33,11.8,17.9
62,Dartmouth,29,14,15,0.483,-3.11,-3.32,,7,7,,8,4,,6,11,,63.3,63.1,,40.3,22.7,52.1,0.435,5.97,17.2,0.346,12,18.6,0.646,10.3,32.7,12.3,7.66,3.48,12.9,19.2
63,Davidson ,32,24,8,0.75,11.97,3.19,,14,4,,14,1,,9,4,,79,69.4,,40.2,28.1,60.1,0.467,10.7,27.4,0.391,12.2,17.3,0.705,10.5,35.8,17.1,5.34,2.91,9.47,18.8
64,Dayton ,36,27,9,0.75,10.98,4.06,,13,5,,16,0,,5,6,,67.8,60.8,,40.1,22.5,48.8,0.462,6.64,18.6,0.357,16.1,23.5,0.686,7.08,31.1,13.6,6.94,2.53,11.5,15.9
65,Delaware,30,10,20,0.333,-7.76,-1.69,,9,9,,5,8,,5,10,,66,72,,40.5,22.5,54.9,0.41,6.63,19.2,0.345,14.3,20.9,0.686,10.5,35.4,12.5,4.27,3.6,12.2,17.4
66,Delaware State,36,18,18,0.5,-10.78,-6.75,,9,7,,6,6,,9,11,,70.4,72.4,,40.1,24.7,58.9,0.419,7.83,22.2,0.353,13.2,18.7,0.707,11.8,38.2,11.9,4.97,3.92,13.4,17.1
67,Denver,30,12,18,0.4,-3.96,-3.13,,6,10,,9,7,,3,10,,62.2,63,,40.5,21.9,45.6,0.48,7.47,19.6,0.38,10.9,14.2,0.766,4.93,23.9,15.2,5.97,1.83,11.3,20.4
68,DePaul,32,12,20,0.375,3.3,7.49,,6,12,,9,7,,3,9,,69.4,73.6,,40.2,23.7,54.3,0.435,7.75,22,0.352,14.3,19.8,0.721,9.13,30.3,12.3,6.63,3.81,13.4,21.2
69,Detroit Mercy,33,15,18,0.455,-2.25,0.13,,7,9,,10,6,,3,11,,70.7,70.8,,40.5,25.5,57.2,0.445,7,18.2,0.384,12.8,18.8,0.683,10.4,33.6,13.5,7.7,3.39,13.2,20.8
70,Drake,31,9,22,0.29,-6.04,2.22,,6,12,,8,7,,1,11,,59.5,66.8,,40.3,20.5,45,0.456,6.45,15.8,0.408,11.9,15.5,0.768,6.19,26.1,11.9,4.45,1.94,13.2,15.6
71,Drexel,30,11,19,0.367,-5.71,-0.85,,9,9,,5,9,,5,6,,59.6,64.3,,40.2,20.5,52.3,0.391,5.87,18,0.326,12.8,17.1,0.745,9.57,31.6,10.6,5.17,3.67,10.4,17.4
72,Duke ,39,35,4,0.897,24.97,9.87,,15,3,,15,1,,9,2,,79.3,64.2,,40.3,28.2,56.2,0.502,7.26,18.8,0.387,15.6,22.4,0.699,11.4,36.8,15.1,7.13,3.82,10.8,15.6
73,Duquesne,31,12,19,0.387,-2.93,1.41,,6,12,,9,7,,2,10,,71.4,74.3,,40.2,25.9,57.7,0.449,7.9,21.4,0.37,11.7,18.6,0.627,11.4,36.3,15,5.13,3.35,12.3,18
74,East Carolina,33,14,19,0.424,-2.84,1,,6,12,,11,5,,1,11,,64.1,65.9,,40.2,22.7,53.8,0.422,7.06,20.1,0.351,11.6,17.1,0.68,10.1,31.8,13.4,6.3,1.94,11.5,17.3
75,East Tennessee State,30,16,14,0.533,-4.8,-4.01,,8,10,,10,4,,6,9,,73.4,71.3,,40.3,24.1,57.1,0.422,9.33,25.5,0.366,15.9,22,0.722,11,35.1,12.7,7.83,2.77,12.7,20.4
76,Eastern Illinois,33,18,15,0.545,-5.52,-2.42,,9,7,,9,5,,7,8,,63.5,64.7,,40.3,22.6,51.4,0.44,7.3,19.5,0.375,11,16.9,0.652,7.73,30.4,13.2,5.64,4.27,12,16.2
77,Eastern Kentucky,33,21,12,0.636,-0.03,-4.16,,11,5,,13,4,,8,7,,71.9,63.6,,40.3,24.8,53.4,0.464,9.06,25.4,0.357,13.3,17,0.779,6.82,26.5,15,9.73,2.97,11.3,16.8
78,Eastern Michigan,35,21,14,0.6,1.96,-0.14,,8,10,,16,3,,4,10,,69.4,63.7,,40.4,23,56.1,0.411,6.57,21.2,0.31,16.8,23.3,0.718,11.5,36.3,10.6,8.71,4.49,11.7,18.8
79,Eastern Washington ,35,26,9,0.743,0.79,-3.84,,14,4,,13,2,,11,6,,80.6,73.9,,40.3,27.9,58.4,0.478,9.83,24.6,0.4,14.9,20.5,0.726,10,33.8,13,6.26,4.77,10.7,17.8
80,Elon,33,15,18,0.455,-5.91,-2.69,,6,12,,8,6,,5,10,,70.6,70.6,,40.5,24.5,57.8,0.423,7.27,20.7,0.351,14.4,21.1,0.683,10.8,34.9,11.9,6.45,1.36,13.3,20.9
81,Evansville,36,24,12,0.667,3.36,-0.07,,9,9,,14,5,,8,5,,70.9,65.6,,40.4,25,51.5,0.485,4.25,12,0.355,16.7,22.3,0.748,7.89,32.4,15.9,5.83,3.58,12.6,17.2
82,Fairfield,31,7,24,0.226,-8.63,-2.31,,5,15,,4,11,,2,11,,59.5,65.8,,40.8,19.8,50.9,0.389,6.39,19.8,0.322,13.5,18.9,0.716,9.23,31.6,10.5,4.97,3.52,12.8,19.1
83,FDU,29,8,21,0.276,-12.22,-4.54,,3,15,,4,9,,4,12,,67.4,73.4,,40.5,23.5,57.2,0.411,7.17,21.7,0.331,13.3,19.2,0.693,10.3,30,11.2,8.69,3.24,12.8,22.3
84,Florida,33,16,17,0.485,13.27,9.67,,8,10,,11,5,,2,9,,63.7,60.1,,40.3,23.2,53.4,0.434,6.61,20.4,0.323,10.6,16.8,0.635,10.5,33.2,13.1,6.91,3.58,12.4,16.9
85,Florida A&M,29,2,27,0.069,-26.04,-8.52,,2,14,,2,9,,0,17,,55.4,72.9,,40,19.3,51.7,0.373,4.1,14.5,0.283,12.7,19.6,0.649,9.69,31.5,8.31,4.93,2.14,14.3,17.9
86,Florida Atlantic,29,9,20,0.31,-7.8,-2.06,,2,16,,7,7,,2,13,,62.6,66.7,,40.2,22.4,53.9,0.417,7.31,21,0.348,10.4,15.4,0.673,9.14,31.2,10.2,4.34,3.41,12.7,18
87,Florida Gulf Coast,33,22,11,0.667,-1.81,-4.98,,11,3,,14,4,,6,6,,67.4,63.2,,40.2,24.7,57.1,0.432,5.97,17.7,0.337,12.1,18.3,0.662,12.2,38.1,14.2,5.61,3.85,11.7,16.9
88,Florida International,33,16,17,0.485,-7.78,-3.23,,8,10,,8,4,,6,10,,62.4,65.2,,40.5,22.7,51.3,0.442,4.58,14.8,0.31,12.5,19.6,0.635,9.48,34.2,11.3,6.79,4.55,14.9,18.6
89,Florida State,33,17,16,0.515,6.69,7.02,,8,10,,12,6,,3,7,,66.6,67,,40.3,23.1,50.6,0.457,4.45,14.2,0.313,15.9,23.7,0.669,9.94,33.6,11.5,5.48,4.76,14.5,18.5
90,Fordham,31,10,21,0.323,-2.15,2.72,,4,14,,8,8,,1,11,,65,69.2,,40.2,22.9,55.3,0.415,6.03,19.8,0.305,13.1,18,0.726,12,36,12.6,6.74,3.84,14.6,18.8
91,Fresno State,32,15,17,0.469,-2.23,1.3,,10,8,,11,3,,4,10,,65.2,66.3,,40.5,22.7,52.9,0.428,5.59,17.5,0.32,14.3,20.7,0.69,8.94,31.6,10.5,7.81,3.56,11.2,20.1
92,Furman,33,11,22,0.333,-10.55,-3.46,,5,13,,7,7,,1,14,,63.6,68,,40.3,21.2,49.6,0.428,6.55,19.9,0.328,14.5,21.7,0.669,9.58,32.4,10.4,5.55,2.85,13.3,17.6
93,Gardner-Webb,35,20,15,0.571,-5.24,-3.11,,10,8,,12,2,,5,11,,74.8,74.1,,40.6,26,57.9,0.448,8.23,23.5,0.35,14.7,21.9,0.669,11.1,35,16.1,6.66,2.37,12.3,16.3
94,George Mason,31,9,22,0.29,-1.43,4.6,,4,14,,7,8,,2,9,,64.4,69.3,,40.5,22.8,53.6,0.426,4.19,13.1,0.32,14.5,21.8,0.666,12.6,35.9,10.2,6.03,3.87,14.4,20.6
95,George Washington,35,22,13,0.629,8.07,2.79,,10,8,,12,2,,5,10,,67.3,62,,40.4,23.6,53.9,0.438,5.49,15.6,0.352,14.5,21.5,0.674,12.1,36.5,11.7,5.63,3.89,12,16
96,Georgetown ,33,22,11,0.667,15.48,9.81,,12,6,,13,3,,5,4,,70.9,65.2,,40.6,24.2,53.1,0.456,6.09,17.2,0.353,16.4,23.3,0.704,11.1,34.9,12.9,7.61,4.73,12.6,20.2
97,Georgia ,33,21,12,0.636,12.42,8.6,,11,7,,12,4,,8,4,,68.2,64.4,,40.9,22.6,52.4,0.432,5.58,16.3,0.342,17.3,25,0.692,10.9,38.2,12.5,5.55,4.58,12.7,18.4
98,Georgia Southern,31,22,9,0.71,-0.4,-4.72,,14,6,,13,2,,8,6,,68.1,60.2,,40.3,23.6,56.9,0.415,7.55,23.9,0.316,13.3,19.9,0.669,12.6,37.4,11.6,7.29,3.19,11.8,16.8
99,Georgia State ,35,25,10,0.714,5.47,-2.03,,15,5,,12,1,,8,8,,71.4,62.4,,40.4,25.8,53.7,0.48,4.97,14.9,0.333,14.9,20.5,0.725,9.2,31.9,13.7,9.17,4.09,10.5,18.3
100,Georgia Tech,31,12,19,0.387,7.16,8.45,,3,15,,8,8,,2,9,,63.3,64.6,,40.6,23.7,58.1,0.408,4.23,15.8,0.267,11.7,18.1,0.648,14.3,38.3,11.7,5.71,3.35,12.7,16.6
101,Gonzaga ,38,35,3,0.921,21.12,5.12,,17,1,,15,1,,11,1,,78.7,61.7,,40.1,28.5,54.8,0.52,6.95,17.4,0.4,14.7,21.2,0.691,10.3,37.9,16.3,5.95,3.32,10.4,16.8
102,Grambling,29,2,27,0.069,-30.67,-8,,0,18,,2,9,,0,17,,52,72.6,,40,17.7,48.9,0.361,3.62,12.6,0.287,13.1,20.1,0.651,10.1,32,7.76,5.31,1.79,16.8,19
103,Grand Canyon,32,17,15,0.531,-6.62,-5.45,,8,6,,13,8,,4,7,,68.7,68.4,,40,23.7,52.6,0.451,6.19,18.6,0.333,15.1,21.1,0.715,8.78,31.8,12.1,5.34,3.09,11.2,19.6
104,Green Bay,33,24,9,0.727,5.7,-0.4,,12,4,,13,1,,6,7,,68.2,60.8,,40.2,25.1,54.8,0.459,4.27,14.5,0.294,13.7,21.4,0.643,11.2,35.7,14.1,7.42,4.88,11.8,18.5
105,Hampton ,35,17,18,0.486,-8.25,-7.08,,8,8,,6,5,,5,12,,67,68.2,,40.1,22.7,56,0.406,5.54,18.2,0.304,16,24.5,0.652,11.9,36.9,10.6,6.71,4.03,14.1,21.5
106,Hartford,30,14,16,0.467,-8.58,-5.16,,7,9,,7,7,,7,8,,61.9,64.1,,40.5,21.5,53.2,0.404,7.83,24.1,0.325,11.1,15.9,0.698,8.8,31.2,12.1,6.23,1.6,12.1,18.5
107,Harvard ,30,22,8,0.733,4.47,-0.25,,12,3,,12,2,,9,4,,64.2,57.6,,40.7,22.4,51.6,0.433,4.87,13.7,0.354,14.6,20.3,0.719,10.5,34.2,12.8,7.1,4.5,11.6,15.7
108,Hawaii,35,22,13,0.629,2.65,-0.83,,8,8,,13,5,,3,5,,72.9,68.2,,40.3,25.7,58.7,0.438,6.46,20.1,0.322,14.9,21.8,0.686,12,35.2,13.3,9.63,3.97,13.3,20.3
109,High Point,33,23,10,0.697,-2.47,-4.61,,13,5,,12,2,,9,7,,72.9,67.6,,41.5,26.1,55,0.475,6.24,16.2,0.385,14.5,19.7,0.735,9.79,32.9,14.8,6.24,2.85,11.4,15.6
110,Hofstra,34,20,14,0.588,3.78,-4.46,,10,8,,8,7,,10,6,,78.5,70.2,,40.3,26.5,59.2,0.448,8.91,24.6,0.362,16.5,23.6,0.7,11.8,36.5,15.4,7.47,2.65,11.1,19.1
111,Holy Cross,30,14,16,0.467,-6.23,-3.82,,8,10,,10,4,,3,12,,66,67.3,,40.7,23.1,54.8,0.421,6.3,18.6,0.339,13.5,18.9,0.715,10.2,31,11.1,7.6,4.77,10.9,19.4
112,Houston,32,13,19,0.406,-2.06,-0.91,,4,14,,9,8,,2,9,,64.4,65.5,,40.6,22,56.1,0.393,8.09,25.3,0.32,12.2,18,0.68,12.6,35.3,11.8,5.75,3.78,13.3,17.7
113,Houston Christian,28,12,16,0.429,-13.18,-5.63,,7,11,,10,3,,2,13,,72.4,73.7,,40.2,26,57,0.456,4.61,14.3,0.323,15.8,21.8,0.725,13.1,37.9,12.4,5.93,4.11,15.3,20.9
114,Howard,32,16,16,0.5,-9.89,-7.86,,10,6,,9,3,,7,12,,63.5,62.6,,40.6,21.7,50.7,0.429,4.66,15.7,0.297,15.4,22,0.699,11,34.7,8.44,7.56,4.06,16.2,18.6
115,Idaho,30,13,17,0.433,-5.75,-4.79,,8,10,,11,3,,2,12,,76.7,75.6,,40.7,26.8,57.5,0.466,7.87,19.1,0.413,15.2,21.4,0.709,10.4,36.2,13.5,4.67,1.9,12,21.1
116,Idaho State,30,7,23,0.233,-11.52,-5.45,,4,14,,6,7,,1,14,,64.6,69.2,,40.2,23.3,52.9,0.44,4.93,14,0.352,13,20,0.651,10.1,32.4,11.2,6.9,2.57,11.8,17.5
117,Illinois,33,19,14,0.576,12.42,6.93,,9,9,,14,3,,2,9,,69.1,63.6,,40.3,23.8,57.7,0.413,7.21,20.3,0.355,14.3,18,0.794,10.6,34.4,11.8,6.3,3.18,9.94,17.5
118,Illinois State,35,22,13,0.629,7.96,2.87,,11,7,,11,5,,7,6,,68.1,62,,40.4,24.2,55.6,0.435,6.06,17.6,0.345,13.7,19.3,0.714,12.5,35.9,11.7,7.26,4.34,12.8,18.9
119,Illinois-Chicago,34,10,24,0.294,-7.86,-0.36,,4,12,,7,9,,2,11,,64.7,70.3,,40.1,21.3,55,0.387,6,18.5,0.324,16.1,21.9,0.737,11.5,33.6,12.1,6.03,2.71,11,17.9
120,Incarnate Word,29,18,11,0.621,-6.15,-6.47,,10,8,,11,3,,7,8,,79.2,75.2,,41,26.7,56.8,0.469,7.03,19,0.371,18.9,25.8,0.734,9.21,33.4,13.2,7.9,4.41,11.3,18.6
121,Indiana ,34,20,14,0.588,12.94,7.2,,9,9,,15,4,,3,6,,77.4,71.7,,40.1,27.1,58.5,0.464,9.38,23.1,0.406,13.8,19.1,0.719,12,36,13.9,5,3.18,11.5,17.8
122,Indiana State,31,15,16,0.484,-0.49,1.21,,11,7,,10,6,,5,7,,66.5,67.8,,40.8,22,51.6,0.425,7.26,20.4,0.357,15.3,21.7,0.702,8.74,32.5,12.8,5.65,3.16,14.1,18.1
123,Iona,35,26,9,0.743,3.71,-2.52,,17,3,,13,0,,10,8,,79.5,73.3,,40.1,27.1,58.6,0.463,9.83,24.8,0.396,15.4,21.9,0.701,9.94,36,16.4,6.46,3.86,12.2,17.3
124,Iowa ,34,22,12,0.647,15.83,8.39,,12,6,,14,4,,7,4,,69.8,62.3,,40.3,24.1,56,0.431,5.65,16.9,0.333,15.8,21.3,0.744,12.4,37.5,14.2,6.41,4.65,11.1,15.8
125,Iowa State ,34,25,9,0.735,17.94,9.15,,12,6,,15,1,,6,5,,77.8,69,,40,27.6,58,0.476,7.74,21.4,0.362,14.8,21.2,0.696,9.5,35.9,16.1,6.41,3.91,11,15.5
126,IU Indy,31,10,21,0.323,-8.28,-1.93,,6,10,,5,8,,5,12,,60.7,67.1,,41.1,22.3,52.4,0.426,4.06,13.7,0.296,12,17.2,0.701,10.3,32.5,11.2,7.03,2.1,15.5,20.5
127,Jackson State,32,11,21,0.344,-12.36,-9.52,,9,9,,6,6,,5,14,,60.7,63.5,,40.3,21.9,56.6,0.387,4.78,17.4,0.274,12.1,18.7,0.647,14.4,37.1,10.1,6.34,2.53,14.3,21.7
128,Jacksonville,32,10,22,0.313,-16.7,-6.46,,4,10,,8,7,,2,15,,64.3,72,,40.6,21.9,53.4,0.41,6.34,17.7,0.359,14.2,21.4,0.661,9.91,31.5,10.7,6.47,2.47,12.3,18.1
129,Jacksonville State,31,12,19,0.387,-12.65,-4.52,,5,11,,11,3,,1,16,,62.5,68.6,,40.5,20.9,54.8,0.381,5.77,19.3,0.299,15,21,0.716,11.2,33.6,12,6.16,4.16,12.2,19.5
130,James Madison,33,19,14,0.576,-2.65,-1.53,,12,6,,12,7,,7,6,,67.2,68.3,,40.2,22.7,50.3,0.451,6.91,18.6,0.372,14.9,21.2,0.704,9.06,32.3,12.7,6.42,2.36,13.1,16.1
131,Kansas ,36,27,9,0.75,18.47,12.13,,13,5,,15,0,,5,6,,71.1,64.8,,40.1,24.1,54.9,0.44,5.92,15.6,0.379,16.9,23.4,0.724,11.8,37.9,13.2,6.58,4.86,12.9,17.8
132,Kansas City,33,14,19,0.424,-8.01,-5.07,,8,6,,9,4,,4,13,,65.6,66.7,,40.8,21.9,53.8,0.407,6.55,19.7,0.333,15.2,21.9,0.693,11.3,31.4,11.4,8.06,3.36,13.4,19.3
133,Kansas State,32,15,17,0.469,8.48,9.29,,8,10,,13,4,,1,10,,63,63.8,,40.2,21.6,49.8,0.433,4.41,13.2,0.335,15.5,22.9,0.676,10.6,31.7,13,6.09,2.31,13.3,20
134,Kennesaw State,32,10,22,0.313,-17.33,-5.1,,4,10,,6,8,,3,14,,63.3,73.8,,40,22.4,55.5,0.404,6.69,20.7,0.324,11.8,16.2,0.732,10.7,34.2,10.3,5.41,3.44,14.2,17.7
135,Kent State,35,23,12,0.657,2.04,-0.94,,12,6,,11,4,,10,6,,66.1,62.9,,40.6,22.8,53.4,0.427,7.14,19.8,0.361,13.4,20.4,0.658,11.6,34.9,10.5,5.06,3.8,11.2,18.4
136,Kentucky ,39,38,1,0.974,28.72,8.67,,18,0,,19,0,,10,0,,74.4,54.3,,40.4,25.8,55.1,0.468,5.21,14.9,0.349,17.6,24.2,0.726,12.6,38,14.2,6.49,6.87,10.5,17.1
137,La Salle,33,17,16,0.515,4.85,3.91,,8,10,,10,5,,6,7,,63.2,62.3,,40.6,22.4,53.2,0.42,5.03,15.7,0.321,13.5,19.4,0.694,10.1,34.1,12.1,6.39,3.64,13,17.6
138,Lafayette ,33,20,13,0.606,-3.37,-3.12,,9,9,,11,5,,9,7,,73.5,73,,40.2,26.4,54.5,0.485,7.91,19.4,0.408,12.8,16.6,0.767,8.55,30.8,15.6,5.48,2.52,11.1,15.6
139,Lamar,30,15,15,0.5,-9.75,-5.29,,9,9,,12,2,,2,13,,71.5,71.1,,40.2,25,55.3,0.452,5.63,17.7,0.318,15.9,23.4,0.68,12.5,35.4,13.1,7.47,3.83,15.5,20.8
140,Lehigh,30,16,14,0.533,-3,-3.55,,10,8,,8,6,,8,7,,68.1,66.7,,40.5,24.1,54.7,0.441,5.47,15.8,0.345,14.3,19.8,0.725,9.8,36.2,14.3,5.6,3.23,13.1,17.7
141,Liberty,32,8,24,0.25,-16.01,-6.44,,2,16,,8,8,,0,13,,63.9,69.4,,40.2,22.4,51.8,0.432,4.81,14.8,0.326,14.3,20.3,0.703,10.7,35.4,11.2,5.47,2.69,16.3,18.8
142,Lipscomb,31,14,17,0.452,-10.82,-5.15,,7,7,,10,3,,4,14,,72,74.9,,40.5,23.9,57.1,0.419,8.16,24.8,0.329,16,23.1,0.695,11.1,35.9,13.9,5.65,1.97,13.3,21.4
143,Little Rock,31,13,18,0.419,-5.38,-3.81,,8,12,,9,7,,3,9,,69.2,70.3,,41.1,23.9,57.4,0.417,7.06,20.5,0.344,14.4,20.4,0.704,10.6,34.3,12.3,5.61,2.77,10.5,19
144,Long Beach State,33,16,17,0.485,1.64,4.16,,10,6,,10,2,,4,13,,66.3,67.3,,40.3,23.1,54.8,0.421,6.97,20.4,0.342,13.2,19.3,0.683,11.2,34.1,11.2,6.55,2.36,13.5,19.3
145,Long Island University,30,12,18,0.4,-9.09,-5.32,,8,10,,5,6,,6,9,,67.4,71.2,,41,22.6,57.5,0.392,6.5,20,0.324,15.8,22.9,0.689,12.3,37.4,11.5,5.7,2.5,13.7,20.2
146,Longwood,34,11,23,0.324,-12.96,-5.53,,5,13,,6,7,,2,14,,68,73.3,,40.6,23.8,55.9,0.426,8.09,21.9,0.369,12.3,17.1,0.721,9.53,31.5,11.7,7.94,3.12,14.4,19.7
147,Louisiana,36,22,14,0.611,0.82,-3.61,,13,7,,12,4,,8,8,,77.5,70,,40.3,27.1,59,0.459,6.67,18.6,0.358,16.6,23.6,0.706,12.6,39.5,14.7,6.64,4.03,14.6,18.5
148,Louisiana State ,33,22,11,0.667,11.39,5.63,,11,7,,13,4,,8,3,,73.4,67.7,,40.9,27,59.5,0.455,5.73,16.9,0.339,13.6,19.9,0.684,12.2,39.2,15.6,7.27,6.18,14.4,15.6
149,Louisiana Tech,36,27,9,0.75,5.75,-1.34,,15,3,,17,0,,9,8,,73.1,65.6,,40.3,26.3,58.7,0.447,6.89,21,0.328,13.7,19.9,0.69,10.4,33.6,14,8.42,5.75,10.8,16.6
150,Louisiana-Monroe,38,24,14,0.632,-1.99,-2.88,,14,6,,14,4,,9,7,,64.6,60.5,,40.5,24.3,56.9,0.427,5.05,16.7,0.303,10.9,15.3,0.714,11.5,36.8,13.1,5.18,4.03,11.6,15.2
151,Louisville ,36,27,9,0.75,18.12,8.98,,12,6,,15,4,,7,3,,69,59.8,,40.3,24.4,56.9,0.429,5.5,17.9,0.307,14.7,22,0.668,12.6,37.5,11.6,7.86,5.33,11.3,17.3
152,Loyola (IL),37,24,13,0.649,2.35,0.46,,8,10,,13,6,,8,6,,62.8,60.4,,40.1,22.7,48,0.474,6.05,15.4,0.392,11.3,16.4,0.688,7.86,29.1,13.2,6.49,2.27,12.6,15.4
153,Loyola (MD),30,11,19,0.367,-10.75,-3.38,,7,11,,7,6,,3,13,,58.8,66.2,,41,20.2,53,0.382,4.93,15.2,0.325,13.4,20,0.671,11.5,34.9,9.67,5.53,3.07,12.9,19.8
154,Loyola Marymount,31,8,23,0.258,-4.13,5.28,,4,14,,5,9,,2,11,,62.2,70.6,,40.3,21.9,52.3,0.418,5.16,14.6,0.354,13.3,18.7,0.71,11.3,32.6,12.5,6.06,3.48,13.6,17.4
155,Maine,30,3,27,0.1,-17.8,-3.4,,2,14,,2,9,,1,17,,60.4,74.8,,40.3,21.6,53.3,0.405,6.57,20.3,0.323,10.7,14.7,0.726,7.93,29.4,13.1,5.97,1.07,14.4,18.5
156,Manhattan ,33,19,14,0.576,-1.34,-3.34,,13,7,,9,2,,5,9,,69.7,67.7,,40.6,22.9,53,0.432,6.52,19.4,0.336,17.4,25.1,0.691,10.5,32.3,13.9,8,2.79,14.6,23
157,Marist,32,7,25,0.219,-10.55,-2.93,,5,15,,3,9,,2,13,,61.2,68.8,,40,20.3,50.9,0.398,7.06,22.4,0.315,13.5,19.3,0.7,7.19,29.3,10.5,6.97,2.81,13.6,17.8
158,Marquette,32,13,19,0.406,7.08,9.02,,4,14,,9,8,,1,9,,65.1,67,,40.3,23.2,53.1,0.437,6.47,18.8,0.344,12.3,19,0.645,9.56,31.3,15,7.53,3.47,12.6,15.8
159,Marshall,32,11,21,0.344,-6.45,-0.22,,7,11,,10,7,,1,12,,66.8,71.5,,40.2,23.1,57.5,0.401,7.78,24.6,0.316,12.9,19.9,0.648,11.2,37.3,12.9,6.63,2.91,15.6,19.8
160,Maryland ,35,28,7,0.8,13.32,7.63,,14,4,,18,1,,6,4,,69.1,63.4,,40.3,22.3,50.8,0.44,7.37,19.6,0.376,17.1,22.6,0.756,8.97,34.9,10.7,4.83,4.31,12.3,16.7
161,Maryland-Baltimore County,30,4,26,0.133,-16.17,-5.14,,2,14,,2,11,,2,15,,56.1,67.1,,40.2,19.7,48,0.41,5.1,15.6,0.326,11.6,18,0.644,7.5,30.1,11.3,6.57,3,15.6,15.8
162,Maryland-Eastern Shore,33,18,15,0.545,-6.55,-6.94,,11,5,,7,3,,11,9,,67.5,67.2,,40.2,22.8,50.3,0.453,6.45,16.9,0.382,15.5,23.7,0.656,11.5,33.3,13.5,7.52,1.42,15.3,19.9
163,Massachusetts,32,17,15,0.531,3.59,4.69,,10,8,,10,5,,5,8,,69.4,70.5,,40.3,24.1,55.8,0.432,4.5,15.3,0.295,16.6,23.6,0.704,12,36.8,13.4,6.75,4.22,14.1,18.5
164,Massachusetts-Lowell,29,12,17,0.414,-11.21,-4.32,,6,10,,6,5,,6,12,,61.4,66.5,,40.5,21,51.1,0.412,7.69,21.4,0.359,11.6,17.5,0.663,7.31,28.9,11.1,6.93,0.97,13.2,18
165,McNeese State,31,15,16,0.484,-10.05,-5.42,,8,10,,11,5,,3,10,,69.5,71.3,,40.3,25.5,60.4,0.423,6.23,20,0.311,12.2,18.7,0.651,13.3,36.1,13.2,7.19,4.68,10.7,17
166,Memphis,32,18,14,0.563,7.15,2.9,,10,8,,12,6,,4,5,,67.3,63.1,,40.3,25.1,57.1,0.439,5.19,15.8,0.328,12,18.1,0.666,12.8,37.3,14.4,7,6.5,13.3,18.3
167,Mercer,35,19,16,0.543,-2.01,-4.1,,12,6,,12,4,,5,9,,66.7,62.7,,40.9,23.1,52.6,0.439,6.06,17.5,0.347,14.5,21,0.688,11,34,13.4,6.4,2.57,10.8,16
168,Miami (FL),38,25,13,0.658,12,7.05,,10,8,,12,6,,8,4,,68.2,63.3,,40.7,23.1,54,0.428,7.68,21.5,0.358,14.3,19.2,0.746,9.92,34.7,12.8,5.5,3.32,10.1,15.6
169,Miami (OH),32,13,19,0.406,-3.75,0.31,,8,10,,10,7,,3,10,,66.3,69.6,,40.6,23.1,52.5,0.44,5.84,17.1,0.342,14.3,20.1,0.709,8.38,30.8,11.7,7.66,2,12.8,18.8
170,Michigan,32,16,16,0.5,9.56,9.59,,8,10,,12,6,,2,8,,64.7,64,,40.9,22.9,53.9,0.426,7.81,21.8,0.359,11,14.6,0.754,8.34,30.2,11.9,5.44,1.78,9.56,14.2
171,Michigan State ,39,27,12,0.692,17.46,10,,12,6,,12,4,,7,4,,71.1,63.6,,41.2,26,55.9,0.465,7.54,19.6,0.385,11.6,18.3,0.632,11.2,37.4,16.6,5.21,4.51,11.3,18.9
172,Middle Tennessee,36,19,17,0.528,0.21,-0.39,,9,9,,12,4,,4,10,,63.5,62.4,,41,21.5,51.9,0.414,6.72,18.8,0.359,13.8,19.7,0.7,10.7,33.8,11,5.94,3.11,13,18.3
173,Milwaukee,30,14,16,0.467,-4.85,0.15,,9,7,,10,4,,3,11,,65.4,69.2,,40,22,52.1,0.421,7.03,20.8,0.338,14.5,19.6,0.737,8.8,32.7,12.9,5.23,2.77,12.7,17.3
174,Minnesota,33,18,15,0.545,12.34,7.21,,6,12,,13,5,,3,8,,74.2,67.7,,40.3,27,58.3,0.463,7.36,19.3,0.381,12.9,19.2,0.672,10.7,32.9,15.7,9.48,3.33,12.1,18.1
175,Mississippi ,34,21,13,0.618,11.39,7.01,,11,7,,9,7,,8,4,,72.8,68.4,,40.3,24.9,58.9,0.423,6.47,19.5,0.332,16.4,21.3,0.773,12.6,37.8,13.2,6.62,3.76,11.1,19.6
176,Mississippi State,32,13,19,0.406,2.53,4.72,,6,12,,9,8,,3,8,,61.8,63.5,,40,20.9,48.7,0.43,4.16,13.6,0.306,15.8,22.7,0.696,10.1,34.3,8.69,6.41,2.81,14.8,18.9
177,Mississippi Valley State,32,6,26,0.188,-23.94,-7.78,,5,13,,3,6,,2,17,,63.9,80.1,,40.5,23.1,59.7,0.386,4.91,16.2,0.303,12.9,19.7,0.654,11.9,32.9,10.6,7.53,1.16,15,18.4
178,Missouri,32,9,23,0.281,1.13,9.26,,3,15,,8,8,,1,10,,60.5,67.9,,40.3,21.3,52.9,0.403,6.13,18.6,0.329,11.7,17.5,0.666,10.2,32.8,10.7,5.59,2.81,13,19.5
179,Missouri State,31,11,20,0.355,-4.92,1.67,,5,13,,8,6,,3,11,,59.7,64.2,,40.6,21.1,52,0.406,5.1,16.5,0.309,12.4,16.9,0.731,10.2,32.5,11.2,5.16,3.23,12.2,17.7
180,Monmouth,33,18,15,0.545,-2.18,-2.91,,13,7,,8,7,,9,7,,64.7,63.9,,40.5,22.1,51.6,0.429,5.18,15.3,0.338,15.2,21.1,0.722,9.7,32.7,11.3,7,3.85,12.9,18.8
181,Montana,33,20,13,0.606,-1.75,-3.78,,14,4,,13,4,,7,9,,71.1,67.2,,41.5,25.1,54.1,0.464,8.3,22.3,0.372,12.6,17.6,0.718,8.94,32,14.1,6.61,2.55,11.8,19.2
182,Montana State,30,7,23,0.233,-12.91,-3.5,,4,14,,5,9,,2,14,,63.9,71.7,,40,22.1,55.5,0.398,8.2,22.9,0.358,11.6,16.1,0.72,10.6,33.6,11.6,4.4,3.03,13.7,20.8
183,Morehead State,34,17,17,0.5,-0.66,-3.31,,10,6,,7,6,,7,9,,71.2,66.3,,40.3,25.1,56.8,0.442,6.47,18.8,0.344,14.4,20.1,0.716,12.4,35.4,14.6,8.18,3.24,13.6,23
184,Morgan State,31,7,24,0.226,-16.19,-6.48,,5,11,,5,5,,1,17,,61.2,70.9,,40.2,21.7,60.5,0.359,5.26,18.5,0.284,12.5,20.1,0.625,15.1,35.4,10.1,5.65,2.87,10.7,18.7
185,Mount St. Mary's,30,15,15,0.5,-6.14,-4.4,,11,7,,9,4,,5,11,,63.1,64.8,,40.8,22.1,54.8,0.402,7.6,23,0.33,11.4,16.7,0.682,10.8,32.6,11.4,6.73,3.73,12.2,18.3
186,Murray State,35,29,6,0.829,7.13,-2.81,,16,0,,15,1,,12,2,,79,67.6,,40.3,27.5,57,0.482,7.51,19.4,0.387,16.5,23.7,0.697,12.1,36.9,15.5,7.23,3.23,11.7,18.5
187,Navy,32,13,19,0.406,-7.87,-3.61,,8,10,,8,8,,4,10,,61,64.3,,40,22.5,51.2,0.439,5.31,16.2,0.328,10.8,16,0.671,9.41,30.7,13.2,5.88,3.34,12.2,17.3
188,NC State ,36,22,14,0.611,14.11,9.72,,10,8,,14,6,,5,5,,70.1,65.8,,40.3,24.9,57.1,0.436,6.56,18.4,0.357,13.9,20.2,0.686,12.1,38,11.5,3.83,5.11,10.4,17.7
189,Nebraska,31,13,18,0.419,5.9,7.58,,5,13,,10,6,,1,11,,61.5,63.1,,40.6,21.4,52,0.412,5.19,18.3,0.284,13.4,19,0.707,8.94,33,10.2,6.19,2.9,12.5,18.7
190,Nevada,31,9,22,0.29,-6.03,1.08,,5,13,,7,8,,2,11,,60.5,66.5,,40.2,20.5,54,0.381,3.58,13.5,0.266,15.8,22.7,0.696,14.7,39.4,9.61,5.45,4.16,14.1,19.5
191,Nevada-Las Vegas,33,18,15,0.545,5.41,3.38,,8,10,,13,4,,4,8,,68.2,64.4,,40.4,24.5,55,0.445,7.15,19.4,0.369,12.1,18.2,0.663,9.12,35.5,13.7,5.55,6.76,11.4,16.5
192,New Hampshire,32,19,13,0.594,-3.76,-6.29,,11,5,,12,3,,7,10,,67.1,61.7,,40.8,23.3,53.5,0.436,7.22,19.3,0.374,13.2,19.6,0.675,9.44,36.7,11.4,5.22,2.16,12.3,19
193,New Mexico,31,15,16,0.484,2.8,1.03,,7,11,,10,5,,4,8,,62,60.2,,40.5,22.1,51.2,0.432,4.77,15.5,0.308,12.9,19.6,0.658,10.7,34.9,12.8,5.74,4.48,12.6,17.4
194,New Mexico State ,34,23,11,0.676,3.71,-3.67,,13,1,,15,2,,6,8,,68.1,59.8,,40.3,23.8,51.4,0.462,4.85,13.2,0.367,15.7,22.7,0.694,12.6,35.3,11.9,6.44,3.65,13.8,15.9
195,New Orleans,29,11,18,0.379,-11.86,-6.36,,6,12,,8,4,,2,13,,71.1,73.6,,40.3,24.3,55.3,0.439,4.24,12.6,0.336,18.3,26.6,0.69,12.6,35,9.62,7.45,3.48,15.6,21
196,Niagara,30,8,22,0.267,-9.27,-1.8,,7,13,,4,10,,4,10,,64.3,71.8,,40.3,21.4,53.6,0.399,6.13,17.5,0.351,15.3,22.1,0.695,11.4,33.9,11.3,5.73,2.3,13.6,18.6
197,Nicholls State,29,10,19,0.345,-15.84,-5.3,,7,11,,7,6,,3,12,,65,73,,40.3,22.8,52.1,0.438,5.34,17.1,0.313,13.9,22.2,0.626,10.8,33.8,12.7,6.93,4.14,17,21.9
198,NJIT,33,21,12,0.636,-3.21,-4.07,,,,,15,2,,6,10,,71.8,67.5,,40,24.5,53.6,0.457,8.45,22.5,0.376,14.3,20.6,0.696,9.67,33.6,14.9,7.03,4.52,13.6,19.6
199,Norfolk State,34,20,14,0.588,-4.66,-6.35,,12,4,,10,3,,7,10,,70.1,66.3,,40.6,25,53,0.472,5.59,16.1,0.346,14.6,22.1,0.659,10.9,36,13.5,5.09,4.91,13.5,19.6
200,North Carolina ,38,26,12,0.684,20.63,11.76,,11,7,,10,5,,7,4,,77.7,68.8,,40.3,28.9,60.8,0.476,4.84,13.5,0.358,15,21.4,0.701,13.8,40.6,17.4,6.61,4.21,12.7,19.4
201,North Carolina A&T,32,9,23,0.281,-16.76,-8.02,,6,10,,7,5,,2,15,,58.9,66,,40.2,20.3,50.7,0.4,4.91,17.3,0.283,13.5,19.8,0.681,11.4,33.3,9.28,5.31,3.97,15.1,18.6
202,North Carolina Central,33,25,8,0.758,0.66,-8.67,,16,0,,12,0,,9,7,,69,55.2,,40.2,24.6,50.5,0.487,6.64,18,0.369,13.1,19.2,0.685,9.45,34,14,6.64,4.06,12.5,19.3
203,North Dakota,30,8,22,0.267,-12.16,-3.73,,4,14,,3,9,,4,12,,67.7,73.4,,40.4,23.8,54.6,0.436,6,18.1,0.331,14.2,20.9,0.678,8.67,32,11.8,6.3,3.13,12.4,21.3
204,North Dakota State ,33,23,10,0.697,-1.72,-3.63,,12,4,,14,0,,5,8,,64.9,62.3,,40.5,22.5,51.9,0.434,6.97,18.2,0.383,12.9,18.6,0.692,8.3,33.3,9.55,4.73,3.73,9.85,15.3
205,North Florida ,35,23,12,0.657,-0.82,-5.94,,12,2,,12,2,,9,9,,75.7,68.1,,40,25.6,54.6,0.47,9.06,23.1,0.391,15.4,21.3,0.723,9.69,34.8,14.5,6.11,4.17,12.5,16.2
206,North Texas,31,14,17,0.452,-4.95,-0.71,,8,10,,11,6,,3,10,,65.3,68.2,,40.2,23.4,54.1,0.433,4.74,15.8,0.301,13.7,21.8,0.629,10.9,35.3,10,6.74,3.32,13.5,17.7
207,Northeastern ,35,23,12,0.657,2.03,-1.34,,12,6,,9,3,,8,7,,68.5,65.1,,40.4,23.9,49.3,0.486,5.8,15,0.386,14.8,20.4,0.727,8.49,33.1,14.3,5.23,3.69,13.8,14.2
208,Northern Arizona,38,23,15,0.605,-3.48,-4.13,,13,5,,13,2,,8,12,,68.6,67.3,,40.4,23.1,57.2,0.404,6.71,19.3,0.347,15.7,20.9,0.75,13.2,38.5,12.2,4.79,4.03,11.8,18.7
209,Northern Colorado,30,15,15,0.5,-6.82,-6.21,,10,8,,12,3,,3,11,,74.7,73.4,,40.7,26.8,56.4,0.475,6.8,17.8,0.381,14.3,20.1,0.714,11.3,32.6,12.3,6.53,1.97,10.4,19.8
210,Northern Illinois,30,14,16,0.467,-1.79,-0.14,,8,10,,10,5,,4,11,,65.7,66.3,,40.5,22,51.4,0.428,4.97,15.7,0.317,16.7,24.5,0.68,12.4,34.6,9.8,7.53,2.43,14.2,19.1
211,Northern Iowa ,35,31,4,0.886,12.54,2,,16,2,,16,0,,9,3,,65.2,54.6,,40.6,22.2,46.2,0.48,7.34,18.4,0.398,13.5,18.4,0.733,7.29,30.6,11.8,5.91,2.4,10.4,14.5
212,Northern Kentucky,30,13,17,0.433,-6.85,-4.49,,7,7,,9,6,,4,11,,70.6,69.3,,40.3,26,56.4,0.46,7.53,21.6,0.349,11.1,16.9,0.657,9.97,33.8,12.6,5.77,2.83,11.6,20.4
213,Northwestern,32,15,17,0.469,6.11,7.2,,6,12,,11,7,,3,8,,63.5,64.6,,40.8,22.7,52.2,0.436,7.13,19.8,0.359,10.9,14.9,0.732,8.66,32.9,14.4,3.69,3.94,11.2,17.9
214,Northwestern State,32,19,13,0.594,-5.48,-4.52,,13,5,,11,4,,7,8,,84,83,,40,29.6,64.1,0.461,8.25,23.1,0.357,16.6,22.2,0.749,11.6,34.6,15.9,7.56,4.5,12.3,18.6
215,Notre Dame ,38,32,6,0.842,19.23,7.02,,14,4,,17,2,,7,2,,78,65.8,,40.7,27.6,54.2,0.509,7.95,20.4,0.39,14.8,19.9,0.742,8.24,32.4,15.2,6.74,3.63,9.39,14.2
216,Oakland,33,16,17,0.485,-1.28,1.27,,11,5,,12,4,,4,12,,74.2,75.2,,40.9,26,56.2,0.462,7.85,21.7,0.362,14.5,21.1,0.686,10.3,33.6,15.7,5.94,1.67,12.6,17.3
217,Ohio,30,10,20,0.333,-4.15,0.45,,5,13,,8,7,,1,11,,67.6,72.2,,40.2,24.2,55.9,0.433,7.23,21.2,0.341,11.9,16.2,0.735,8.93,34.1,11.4,5.13,4.27,12.7,17.1
218,Ohio State ,35,24,11,0.686,19.68,7.37,,11,7,,18,2,,4,6,,75.3,63,,40.3,27.5,57,0.483,6.74,18.2,0.37,13.5,19.8,0.68,11.1,35.5,15.3,7.6,5.09,11.3,16.1
219,Oklahoma ,35,24,11,0.686,18.65,9.94,,12,6,,14,1,,5,6,,71.5,62.7,,40.3,25.3,58.1,0.435,6.74,19.7,0.343,14.1,19.1,0.741,11.1,38.1,12.3,6.77,4.97,12,16.3
220,Oklahoma State ,32,18,14,0.563,12.95,9.63,,8,10,,12,4,,3,8,,67.5,62.8,,40.3,22.9,52.1,0.44,7.06,20.2,0.349,14.6,20.2,0.726,8.97,32.5,11.4,7.91,4.88,12.3,19.2
221,Old Dominion,35,27,8,0.771,7.68,-0.15,,13,5,,20,0,,5,5,,64.9,57.1,,40.3,23.9,55.3,0.432,5.91,18.2,0.325,11.3,16.9,0.666,12.5,36.2,13.5,6.31,3.29,10.8,17.7
222,Omaha,29,12,17,0.414,-7.18,-5.14,,5,11,,7,6,,5,11,,76.8,77.8,,40.3,26.4,59.4,0.445,6.17,18.6,0.332,17.7,25.4,0.696,11.1,34.8,12.1,8.17,3.17,13.5,20.3
223,Oral Roberts,34,19,15,0.559,-3.83,-1.99,,10,6,,12,2,,5,11,,69.9,68.9,,40.3,23.5,54.7,0.429,6.03,16.9,0.357,16.9,23.6,0.719,10.7,34,11.1,5.79,3.85,11.6,18.6
224,Oregon ,36,26,10,0.722,11.43,7.65,,13,5,,17,2,,6,4,,75.4,70.8,,40.6,27.6,59.5,0.463,7.31,20.2,0.362,12.9,17,0.76,10.3,36.1,14.1,5.75,4.36,11.7,18.2
225,Oregon State,31,17,14,0.548,5.93,4.97,,8,10,,15,2,,2,9,,60.9,59.2,,40.2,21.5,50.9,0.422,5.16,16,0.323,12.8,18.5,0.693,9.45,31.4,12,7.77,3.97,11.8,19
226,Pacific,31,12,19,0.387,-3.19,3.31,,4,14,,6,8,,5,8,,64.4,68.2,,40.5,22,52.7,0.417,6.52,18.8,0.346,13.9,21.5,0.648,12.4,34.7,11.7,4.03,2.39,12.6,21.5
227,Penn State,34,18,16,0.529,7.77,7.1,,4,14,,10,6,,3,8,,66.9,66.2,,40.6,23.4,55.7,0.42,6.68,20,0.334,13.4,19.3,0.695,10.4,35.3,9.88,6.06,4.06,12.2,20.4
228,Pennsylvania,28,9,19,0.321,-8.32,-1.36,,4,10,,4,9,,5,10,,60.3,67.2,,40.2,21.4,49.3,0.434,5.54,16,0.346,11.9,17.7,0.675,9.21,31.6,11.8,5.46,2.39,15,19.9
229,Pepperdine,32,18,14,0.563,3.86,2.8,,10,8,,10,5,,7,7,,63.1,61.6,,40,22,52.1,0.423,4.53,14.5,0.313,14.6,19.7,0.741,9.38,33.2,13.3,6.25,3.38,12.3,17.6
230,Pittsburgh,34,19,15,0.559,8.45,7.36,,8,10,,14,4,,2,8,,67,65.6,,40.4,24.6,54.9,0.447,4.82,14.2,0.339,13.1,19.1,0.685,12,33.4,16.5,4.94,2.79,9.88,17.8
231,Portland,33,17,16,0.515,3.06,2.67,,7,11,,9,7,,5,7,,70.2,68.3,,40.6,24.5,55.3,0.444,6.55,17.4,0.376,14.5,20.2,0.717,11.8,35.5,14.7,5.82,4.48,12.2,18.5
232,Portland State,29,15,14,0.517,-7.75,-4.86,,9,9,,9,4,,6,9,,71.8,72.3,,40.2,24.9,56.7,0.44,6.66,17.5,0.381,15.3,20.6,0.742,9.76,32.5,13.1,6.31,4.03,11.2,17.6
233,Prairie View,33,15,18,0.455,-10.86,-8.2,,12,6,,7,3,,7,12,,67,69.1,,40,24.9,58.3,0.427,5.36,16.1,0.333,11.8,18.3,0.646,11.8,32.5,10.7,8.7,3.18,14.3,21.7
234,Presbyterian,32,10,22,0.313,-16.26,-4.51,,6,12,,7,8,,3,11,,61.8,69.2,,40,23.2,51.8,0.447,4.25,13.3,0.32,11.3,17.1,0.659,9.25,32.2,10.7,5.19,2.81,13,15.8
235,Princeton,30,16,14,0.533,-1.34,-2.92,,9,5,,11,3,,4,9,,68.9,65.7,,40,22.4,48.5,0.463,8.4,22.3,0.377,15.6,21.9,0.711,6.3,30.4,13,5.5,3,12.2,18.7
236,Providence ,34,22,12,0.647,13.71,9.5,,11,7,,13,4,,5,6,,69.7,65.5,,40.3,24.4,55.6,0.438,5.03,16.1,0.313,16,22.6,0.707,12.1,36.1,13.9,7.12,4.56,12,18.5
237,Purdue ,34,21,13,0.618,12.93,7.64,,12,6,,14,3,,4,6,,69.9,64.6,,40.4,24.3,54.1,0.449,5.74,17.6,0.327,15.4,22.6,0.683,12,36.7,14.9,5.44,5.21,13.1,18.9
238,Purdue Fort Wayne,31,16,15,0.516,-3.13,-3.41,,9,7,,10,5,,6,9,,70,67.1,,40,24.3,51.7,0.47,7.13,20,0.357,14.3,20.8,0.685,7.81,32.3,14.3,5.74,2.97,11.8,16.2
239,Quinnipiac,30,15,15,0.5,-1.46,-3.66,,9,11,,10,7,,5,7,,69.7,67.5,,41,23.8,60.4,0.394,5.5,17.9,0.307,16.6,21.4,0.773,16.4,45.4,13.9,3.57,5.77,13.9,19
240,Radford,34,22,12,0.647,-3.89,-5.53,,12,6,,12,3,,8,8,,72.8,67.7,,40.6,26.2,57.2,0.458,6.24,18.6,0.334,14.1,20.4,0.691,12.1,36.5,13.2,7.12,4.41,12,18
241,Rhode Island,33,23,10,0.697,9.31,2.87,,13,5,,14,2,,7,5,,67.6,60.2,,40.2,23.5,52.5,0.449,4.42,14.6,0.303,16.1,24.6,0.655,11,35.8,13,6.52,5.58,13.7,21
242,Rice,32,12,20,0.375,-2.86,-0.79,,8,10,,7,7,,4,10,,64.1,65.8,,41.1,21.2,50.5,0.42,9.03,24.9,0.363,12.7,17.1,0.739,8.63,31.8,12.7,5.94,2.19,14.3,18.9
243,Richmond,35,21,14,0.6,8.65,3.77,,12,6,,16,4,,4,9,,66.1,61.2,,40.9,23.8,52,0.458,6.6,19.4,0.34,11.8,17.1,0.69,6.86,29.3,13.4,6.91,3.31,9.89,17
244,Rider,33,21,12,0.636,-1.6,-3.11,,15,5,,10,3,,11,5,,65.2,63.7,,40.5,23.8,54.2,0.438,6.06,18.2,0.334,11.7,19.3,0.603,10.8,34.3,12.1,7.09,2.64,12.5,17.9
245,Robert Morris ,35,20,15,0.571,-3.02,-3.5,,12,6,,10,6,,8,8,,69,68.5,,40.3,24.4,55,0.443,6.31,16.9,0.375,13.9,19.5,0.709,10.5,33.2,12.2,8.57,2.86,13.3,18.6
246,Rutgers,32,10,22,0.313,0.23,8.11,,2,16,,6,10,,2,10,,59.3,67.2,,40,21.5,54.7,0.392,4.75,16.1,0.295,11.6,17.8,0.653,11.2,34.9,10.7,5.56,3.69,13,16.6
247,Sacramento State,33,21,12,0.636,-4.62,-5.45,,13,5,,13,2,,7,9,,71,68.2,,40,25.5,52.4,0.486,6.3,15.5,0.408,13.7,18.6,0.736,8.36,29.5,14.1,7,2.36,10.8,17.1
248,Sacred Heart,32,15,17,0.469,-7.36,-5.97,,9,9,,10,5,,4,12,,73.8,74,,41.1,27.3,59.7,0.457,5.28,16.5,0.319,13.8,21.4,0.647,12.5,38.3,14.7,6.56,3.44,13.7,18.4
249,Saint Francis (PA),32,16,16,0.5,-5.68,-4.97,,9,9,,10,3,,6,13,,64.4,64.1,,40.3,22.6,51.7,0.438,7.06,21.2,0.334,12.1,18,0.672,8.34,31.2,11.8,6.53,2.59,12.4,15.8
250,Saint Joseph's,31,13,18,0.419,-0.23,2.58,,7,11,,10,5,,3,11,,61.7,64.5,,40.6,22.2,55,0.404,5.39,18,0.299,11.9,19.4,0.615,11.4,35.5,12.7,6.61,4.35,12.5,16.9
251,Saint Louis,32,11,21,0.344,-5.38,2.43,,3,15,,9,9,,1,10,,59.8,66.3,,40.3,20.4,49.6,0.411,5.38,16.5,0.326,13.6,20.8,0.655,9.06,30.6,12.2,5.31,2.25,13.8,19.7
252,Saint Mary's (CA),31,21,10,0.677,8.68,3.78,,13,5,,14,5,,7,4,,69.1,64,,40.6,24.3,53.1,0.457,7.26,19.5,0.373,13.3,18.6,0.715,10.6,36,15,5.06,2.26,12.1,17.5
253,Saint Peter's,34,16,18,0.471,-2.95,-3.92,,8,12,,7,6,,7,10,,61.2,60.2,,40.6,20.5,49.9,0.412,5.68,16.6,0.343,14.5,21.9,0.66,10.4,32.6,10.1,6.26,2.97,12.1,19.2
254,Sam Houston,35,26,9,0.743,2.97,-6.03,,15,3,,16,2,,8,5,,74.1,60,,40.4,24.2,56.4,0.429,7.6,23.1,0.329,18.1,25.7,0.706,13.2,40.3,14.7,6.54,4.4,13,20.3
255,Samford,32,13,19,0.406,-9.41,-5.57,,6,12,,8,6,,4,11,,69.3,71.9,,40.2,24.4,54.9,0.444,6.38,18.4,0.347,14.1,20.7,0.684,10.2,31.7,13.2,7.34,3,12.9,20.5
256,San Diego,31,15,16,0.484,5.03,3.47,,8,10,,9,4,,4,8,,64.7,62.9,,40.3,22.3,52.8,0.422,6.19,18.1,0.342,14,20.4,0.687,10.4,32.8,12.5,6.42,3.84,11.8,19.9
257,San Diego State ,36,27,9,0.75,11.81,4.24,,14,4,,16,1,,6,5,,61.8,53.9,,40.4,22.2,53.2,0.418,5.25,16.4,0.32,12.1,19.3,0.63,12.2,35.3,10.5,6.86,4.97,11.4,14.1
258,San Francisco,32,14,18,0.438,3.08,2.83,,7,11,,8,8,,4,8,,69.2,67.7,,40.3,24.5,54.2,0.451,6.34,18.6,0.341,13.9,22.2,0.629,10.6,34.8,13.8,5.81,2.47,11.8,20.2
259,San Jose State,30,2,28,0.067,-16.22,1.92,,0,18,,2,13,,0,12,,53.7,69.5,,40.2,18.4,52,0.355,6.53,22.3,0.293,10.3,15.8,0.653,9.07,31.3,9.8,4.83,2.6,14.2,18.3
260,Santa Clara,32,14,18,0.438,-0.38,4.12,,7,11,,9,6,,3,9,,63.3,66.8,,40.2,22.2,52.3,0.424,6.94,19.9,0.349,12,16.3,0.737,9.25,29.9,11.8,5.63,1.84,10.6,18.7
261,Savannah State,31,9,22,0.29,-18.17,-6.27,,5,11,,7,5,,2,16,,56.7,66.8,,38.9,21.3,52,0.41,3.35,13.3,0.252,10.7,18.6,0.576,10.6,29.3,9.26,8.9,2.42,16.5,19.7
262,Seattle,34,18,16,0.529,-5.85,-4.69,,7,7,,13,5,,2,10,,62.4,61.6,,40.1,21.8,49.2,0.442,6.94,17.9,0.388,12,18,0.665,9.53,33.8,13.9,5.44,1.47,13.7,16.8
263,Seton Hall,31,16,15,0.516,7.95,7.56,,6,12,,10,5,,3,9,,68.4,68,,40.3,23.7,56.3,0.421,6.87,19.6,0.35,14.1,21.4,0.657,12.6,36.2,12.4,5.97,4.1,12.4,19.2
264,Siena,31,11,20,0.355,-6.93,-2.9,,7,13,,6,9,,5,10,,69.8,73.8,,40.2,24.1,56,0.431,4.9,14.8,0.332,16.6,23.5,0.71,12.7,33,13.3,7.52,3.58,12.5,20.9
265,South Alabama,33,12,21,0.364,-9.46,-3.04,,9,11,,7,8,,4,12,,68.9,73.9,,40.5,23.1,54.9,0.42,6.48,19.4,0.334,16.3,23.2,0.703,10.9,35.6,10.7,4.76,3.67,14.4,17.8
266,South Carolina,33,17,16,0.515,10.55,8.24,,6,12,,10,6,,3,7,,65,62,,40,22.3,55.1,0.404,5.45,18.2,0.301,15,20.4,0.737,12.3,35.7,13.2,6.3,4.03,12.8,19.2
267,South Carolina State,33,11,22,0.333,-17.37,-7.46,,7,9,,6,5,,4,14,,59.5,66.8,,40.2,21.4,55.9,0.382,5.58,18.4,0.303,11.2,18.5,0.603,11.9,34.6,10.9,6.06,3.06,12.5,17.5
268,South Carolina Upstate,36,24,12,0.667,-2.28,-7.5,,8,6,,14,5,,9,7,,71.6,61.1,,40,26.1,59,0.442,8.06,24,0.336,11.5,17.5,0.655,13.4,38.1,14.8,7.86,3.17,10.8,16.3
269,South Dakota,33,17,16,0.515,-4.9,-3.48,,9,7,,8,6,,8,7,,70,70.1,,40.9,24.6,58.3,0.422,6.42,17.8,0.36,14.4,19.7,0.731,11.6,35.4,11.8,5.58,2.42,11.3,18.3
270,South Dakota State,35,24,11,0.686,3.32,-3.23,,12,4,,13,0,,7,9,,73.5,65.1,,40.3,24.8,54.8,0.452,8,20.9,0.383,15.9,22.3,0.713,9.63,35.8,12.2,5.46,3.69,11.4,19.7
271,South Florida,32,9,23,0.281,-4.96,2.56,,3,15,,8,9,,1,13,,61.6,68.4,,40.5,23.3,53.8,0.433,4.25,14,0.304,10.8,17.4,0.619,10.7,33.9,11.3,5.75,4.88,13.6,19
272,Southeast Missouri State,30,13,17,0.433,-5.23,-3.73,,7,9,,9,5,,4,9,,69.6,68.8,,40.2,24.7,56.2,0.44,6.3,18.4,0.342,13.8,20.7,0.667,11.5,35,12.6,7.27,4.4,13.1,19.9
273,Southeastern Louisiana,32,9,23,0.281,-10.97,-6.14,,6,12,,6,6,,3,16,,68.3,72.6,,40.5,25.2,55,0.459,5.78,18.5,0.313,12.1,18.2,0.665,9.72,33.4,12.2,6.06,3.5,15.4,18.4
274,Southern,35,18,17,0.514,-9.95,-8.23,,13,5,,9,4,,7,10,,64.5,63.6,,40.3,22.9,54.1,0.423,4.29,13.8,0.31,14.5,22.1,0.654,11.5,36.1,10.3,6.86,4.14,13.2,20.1
275,Southern California,32,12,20,0.375,2.15,6.15,,3,15,,8,8,,2,9,,67,71,,40.6,24.6,58.2,0.422,5.31,16.2,0.329,12.5,19.7,0.634,11.4,35.9,12.4,6.5,4.16,13.9,17.7
276,Southern Illinois,33,12,21,0.364,-3.48,-0.6,,4,14,,8,7,,2,12,,59.6,61.9,,40,20.6,49.3,0.419,4.18,12.7,0.33,14.2,20.2,0.702,9.91,31.1,8.3,6.7,2.18,12.8,18.3
277,SIU Edwardsville,28,12,16,0.429,-7.28,-4.54,,8,8,,11,3,,1,12,,68.2,67.3,,40.2,23.6,54.7,0.431,7.07,18.6,0.38,14,20.7,0.675,10.4,34.6,12.3,6.36,4.29,13.4,18.5
278,Southern Methodist ,34,27,7,0.794,12.94,3.57,,15,3,,16,2,,8,4,,69.1,59.8,,40.1,24.5,51.5,0.475,4.26,11.8,0.363,15.9,22.6,0.703,11.4,36.6,15.4,6.97,4.29,12.5,16.2
279,Southern Mississippi,29,9,20,0.31,-10.03,-0.06,,4,14,,8,7,,1,13,,60.1,68.2,,40.3,21.3,49.6,0.43,6.31,19.1,0.33,11.1,17.8,0.627,8.55,29.8,12.1,6.14,2.17,14.1,15.5
280,Southern Utah,29,10,19,0.345,-11.98,-5.48,,7,11,,5,7,,4,11,,69.3,74,,40.3,24.1,53,0.455,7.24,18.5,0.391,13.8,20.7,0.669,7.52,31.7,11.9,4.97,3.72,13.6,22.4
281,St. Bonaventure,31,18,13,0.581,3.93,1.34,,10,8,,8,6,,7,6,,67.3,64.7,,40.3,23.6,55.6,0.425,5.1,16.2,0.314,14.9,21.1,0.706,12.4,37.2,12.4,6.65,4.81,12.4,17.3
282,St. Francis (NY),35,23,12,0.657,-2.14,-6.2,,15,3,,12,4,,9,7,,69.1,64.6,,40.4,23.9,57.3,0.417,5.57,18.9,0.295,15.7,23.1,0.679,14.9,38.9,12.3,6.63,4.91,13.1,18.4
283,St. John's (NY) ,33,21,12,0.636,11.85,9.04,,10,8,,16,4,,4,6,,71,67.9,,40.2,25.3,57.3,0.442,6,17.2,0.348,14.4,20.8,0.691,10.2,35.3,12.4,7.45,6.36,10.7,17.8
284,Stanford,37,24,13,0.649,12.33,7.33,,9,9,,16,3,,4,8,,72.3,67.3,,40.7,24.5,56.5,0.435,6.65,17.6,0.378,16.6,22.9,0.726,11.6,36.8,11.8,5.51,2.76,10.8,19.1
285,Stephen F. Austin ,34,29,5,0.853,8.61,-4.2,,17,1,,15,1,,10,3,,78.6,64.4,,40.1,26.8,55,0.487,7.71,20.4,0.379,17.3,23.5,0.736,12.1,34.6,17.5,7.62,3.53,14,21.6
286,Stetson,31,9,22,0.29,-16.22,-6.68,,3,11,,7,7,,1,15,,66.6,73.9,,40,24,55.4,0.433,6.23,18.9,0.329,12.4,18.8,0.657,9.58,33.6,12.5,4.48,3.32,12.4,17.5
287,Stony Brook,35,23,12,0.657,-0.03,-4.03,,12,4,,13,2,,9,10,,65.4,60.1,,40.1,23.9,57.1,0.418,5.46,16.5,0.332,12.3,18.5,0.663,13.9,39.9,12,5.14,4.2,11.9,16.5
288,Syracuse,31,18,13,0.581,11.91,7.68,,9,9,,13,5,,4,7,,67.6,63.4,,40.3,24.6,57.3,0.43,5,16.6,0.301,13.4,20.3,0.66,12,36.6,15.1,8.32,5.06,11.9,15.2
289,TCU,33,18,15,0.545,11.1,5.32,,4,14,,13,6,,2,8,,68.2,62.4,,40.3,24,54.8,0.437,4.55,13.9,0.327,15.7,25.5,0.615,13.5,36.8,13.2,6.27,5.33,12,20.6
290,Temple,37,26,11,0.703,8.2,3.52,,13,5,,17,2,,7,5,,65.8,61.2,,40.1,22.5,58.1,0.388,6.35,20.9,0.304,14.5,20.7,0.699,12.2,38.1,12.4,6.86,4.46,9.51,17.1
291,Tennessee,32,16,16,0.5,7.23,8.16,,7,11,,9,7,,5,5,,63.3,64.2,,40.2,22.7,53.3,0.425,6.06,18.3,0.331,11.9,17.2,0.691,12.4,32.5,10.9,7.72,3.38,12.1,19.5
292,Tennessee State,31,5,26,0.161,-14.93,-2.38,,2,14,,5,8,,0,17,,57.8,68.1,,40,19.7,49.9,0.395,5.48,15.7,0.35,12.9,20.9,0.619,9.58,33,9.48,5.39,3.48,14.4,20.3
293,Tennessee Tech,30,12,18,0.4,-6.49,-3.99,,4,12,,10,4,,2,14,,70.6,69.8,,40.2,25.6,58,0.441,5.63,17.5,0.321,13.8,20.3,0.678,13.2,37,13.2,6.2,3.43,13.7,18.9
294,Tennessee-Martin,34,21,13,0.618,-2.12,-3.9,,10,6,,9,3,,12,9,,70.3,65.4,,40.4,25.1,54.1,0.465,7.88,20,0.394,12.1,17.1,0.708,9.76,34.6,13,5.24,1.85,11.6,14.9
295,Texas ,34,20,14,0.588,16.16,9.07,,8,10,,13,5,,4,7,,67.4,60.3,,40.4,23.4,54,0.433,6.24,18.4,0.339,14.3,19.7,0.724,12.4,39.7,13,3.76,7.79,12.8,16.3
296,Texas A&M,33,21,12,0.636,10.73,5.91,,11,7,,14,4,,5,6,,67.8,62.9,,40.3,24.4,53.9,0.453,5.48,15.8,0.347,13.5,20.5,0.658,11.3,36.3,14.7,5.64,2.94,12.4,18
297,Texas A&M-Corpus Christi,34,20,14,0.588,-5.58,-6.43,,13,5,,10,4,,8,8,,66.6,64.5,,40.1,22,49.4,0.446,4.85,14.7,0.331,17.8,25.9,0.687,9.79,32.4,10.4,6.76,2.68,12.6,20.4
298,Texas Southern ,35,22,13,0.629,-5.98,-6.09,,16,2,,9,1,,10,11,,68.3,68.2,,40.9,23.4,52.6,0.445,5.29,16.4,0.322,16.3,24.6,0.661,11.3,34.1,10.7,6.11,3.11,13,17.4
299,Texas State,31,14,17,0.452,-5.25,-3.36,,7,13,,9,6,,4,10,,61.5,59.8,,40.8,21.4,53.1,0.404,5.13,16.3,0.314,13.5,19.5,0.69,10.2,32.4,11.1,7.23,2.48,12.7,17.6
300,Texas Tech,32,13,19,0.406,3.77,7.2,,3,15,,13,6,,0,10,,60.9,64.3,,40.3,20.4,50.3,0.405,5.28,16.4,0.323,14.9,23.2,0.642,11.7,33.5,11.1,5.84,4.09,13.8,17.4
301,Texas-Rio Grande Valley,31,10,21,0.323,-14.46,-4.68,,4,10,,8,4,,1,15,,62.2,70.3,,40,21.9,51.9,0.421,4.19,14,0.3,14.2,21,0.676,10.4,32.3,13.3,5.52,3.29,13.5,17.5
302,The Citadel,30,11,19,0.367,-12.91,-4.68,,6,12,,8,6,,3,10,,64,68.6,,40.3,21.6,47.9,0.451,6.87,17.2,0.4,14,18.2,0.767,9.03,29.1,13.1,4.7,2.2,13.1,15
303,Toledo,33,20,13,0.606,4.86,0.62,,11,7,,10,4,,9,7,,75.2,71,,40.3,26.2,55.7,0.47,5.91,16.2,0.366,17,22.9,0.742,10.9,36.5,13.1,5.15,3.27,12.3,17.1
304,Towson,32,12,20,0.375,-7.02,-3.8,,5,13,,4,9,,6,10,,63.6,65,,40.6,21.5,52.4,0.411,4.19,13.4,0.312,16.3,24.6,0.663,14.6,39.3,9.06,3.53,3.97,13.2,21
305,Troy,29,10,19,0.345,-8.72,-5.09,,5,15,,5,9,,4,10,,67.1,69.4,,40.3,23.2,54,0.43,6.62,19.9,0.333,14,21.1,0.663,10.9,34,9.34,6.66,2.1,14.1,15.7
306,Tulane,31,15,16,0.484,-1.51,0.32,,6,12,,9,8,,6,5,,63.6,64,,40.8,22.5,54.8,0.411,6.42,19.7,0.326,12.1,18.7,0.649,11.8,34.7,11.3,6.23,2,12.8,17.7
307,Tulsa,34,23,11,0.676,6.66,2.81,,14,4,,13,5,,8,4,,64.4,60.7,,40.3,22.3,53.5,0.416,5.53,17.2,0.321,14.2,21.9,0.649,11,36.6,11,5.82,3.41,11.4,16.9
308,UAB ,36,20,16,0.556,1.94,1.62,,12,6,,13,4,,3,8,,68.8,68.1,,41.1,24.3,56.7,0.428,5.61,16.9,0.333,14.7,19.9,0.738,12.1,36.7,14.3,6.58,5.11,13.4,17.5
309,UC Davis,32,25,7,0.781,2.19,-2.58,,14,2,,14,0,,10,6,,70.7,64.6,,40.5,24.2,49.5,0.49,8.56,19.2,0.447,13.7,18.7,0.734,7.97,31.1,13.3,5.16,1.97,13.3,17.6
310,UC Irvine ,34,21,13,0.618,3.63,0.45,,11,5,,10,3,,6,9,,67.5,62.1,,40.3,25.1,54.4,0.461,6.38,16.4,0.389,10.9,15.9,0.684,9.68,35.2,14.1,5.71,4.94,11.6,17
311,UC Riverside,31,14,17,0.452,-4.65,-1.16,,7,9,,12,3,,2,13,,65.3,66.1,,40.5,22.8,54.5,0.418,6.68,19.5,0.343,13,19.1,0.682,10.9,34.8,12.9,6.71,3.58,13.3,20.2
312,UC Santa Barbara,33,19,14,0.576,3.47,0.98,,11,5,,12,2,,4,10,,68.4,64,,40.8,24.4,55.6,0.439,6.82,18.2,0.374,12.8,17.3,0.736,10.7,34.4,15.2,5.18,3.58,10.9,18.8
313,UCF,30,12,18,0.4,-5.73,0.78,,5,13,,10,8,,2,9,,66,71.8,,41,23.5,54,0.434,6.73,19.2,0.35,12.4,19.2,0.643,10.4,33.2,12.3,5.17,4.27,13,15.7
314,UCLA ,36,22,14,0.611,12.07,8.27,,11,7,,16,1,,2,8,,71.9,68.1,,40.3,25.8,58.3,0.443,6.19,16.8,0.368,14.1,20.8,0.676,12.2,38,13.8,6.61,3.86,11.9,17.9
315,UNC Asheville,31,15,16,0.484,-7.19,-5.65,,10,8,,8,6,,6,10,,72.3,70.4,,40.2,25.2,57.2,0.44,7.52,21,0.357,14.5,20,0.725,11.4,36.1,13.6,7.35,4.65,14.1,19.2
316,UNC Greensboro,33,11,22,0.333,-7.99,-4.36,,6,12,,6,10,,4,9,,69.4,70.8,,40.3,25.4,57.4,0.442,6.55,18.1,0.361,12.1,18.6,0.649,11,34.5,12.1,6.24,3.3,12.5,21.5
317,UNC Wilmington,32,18,14,0.563,-2.53,-1.92,,12,6,,10,2,,7,11,,70,68.8,,40.5,25.3,57.3,0.442,5.06,14.5,0.348,14.3,21.2,0.675,11.2,35.3,11.5,7.63,4.38,12.3,20.7
318,UT Arlington,31,16,15,0.516,-3.59,-2.76,,10,10,,9,5,,7,9,,71.6,71.2,,40.2,25.1,57.2,0.439,6.61,20.9,0.316,14.7,21.9,0.673,11.4,36.9,12.9,6.65,3.45,14.6,21.1
319,Utah ,35,26,9,0.743,20.98,7.42,,13,5,,16,1,,6,5,,71.3,57.1,,40.1,24.3,50.3,0.482,7.54,18.7,0.404,15.3,21.7,0.703,9.2,34.4,14,5.94,5,11.6,16.6
320,Utah State,31,18,13,0.581,2.92,0.28,,11,7,,11,5,,7,7,,66.6,63.6,,40.5,23.3,51.5,0.452,7.52,19.1,0.394,12.5,18.7,0.672,6.94,31.5,14.4,4.81,4.58,10.4,16.3
321,Utah Valley,30,11,19,0.367,-12.72,-4.87,,5,9,,8,5,,3,13,,58.6,64.1,,40,20.5,51.3,0.4,5.63,18.9,0.299,11.9,17.1,0.695,9.9,33,12.9,4.47,2.3,12.8,17.3
322,UTEP,33,22,11,0.667,4.89,-0.51,,13,5,,13,2,,5,7,,69.2,63.8,,40.2,24.2,52,0.466,5.61,15.3,0.366,15.1,22.8,0.661,9.45,34.5,13.7,5.39,4.03,12.3,17.2
323,UTSA,30,14,16,0.467,-3.33,-2.61,,8,10,,7,8,,7,7,,70.7,70.4,,40.2,23.9,56.7,0.422,6.37,19.6,0.325,16.5,23.6,0.699,12.9,35.7,12.3,7.1,2.3,12.3,16.7
324,Valparaiso ,34,28,6,0.824,6.29,-2,,13,3,,15,1,,8,4,,69.6,59.4,,40.1,24.6,54,0.456,6.94,18.2,0.381,13.4,19.9,0.675,11.7,37.5,13,5.97,4.62,12.4,16.6
325,Vanderbilt,35,21,14,0.6,11.89,6.22,,9,9,,15,4,,5,8,,70.6,64.3,,40.6,23.9,50.7,0.472,7.29,18.6,0.392,15.5,21.8,0.708,9.69,33.8,15.5,4.8,5.31,12.9,17.2
326,Vermont,34,20,14,0.588,1.21,-5.52,,12,4,,13,4,,7,10,,67,59.2,,40.3,23.6,50,0.471,5.35,15.1,0.355,14.6,21,0.692,8.06,33.2,13.1,6.35,5.09,13,19.1
327,Villanova ,36,33,3,0.917,23.13,7.55,,16,2,,15,0,,9,2,,76.5,60.9,,40.3,25.4,54.2,0.47,9.06,23.3,0.389,16.6,22.6,0.731,10.3,34.3,15.8,7.72,4.06,10.6,16.6
328,Virginia ,34,30,4,0.882,21.73,7.81,,16,2,,15,1,,11,1,,65.4,51.5,,40.3,23.6,51.7,0.457,5,14.2,0.352,13.1,18.1,0.726,10.5,36.2,12.6,5.47,4.21,9.29,14.2
329,Virginia Commonwealth ,36,26,10,0.722,12.79,6.1,,12,6,,12,4,,8,4,,72.5,65.8,,41,24.9,59.4,0.419,8.14,23.7,0.343,14.6,22.1,0.657,12.3,35.5,12.7,9.5,4.25,10.6,19.2
330,VMI,30,11,19,0.367,-9.85,-3.92,,7,11,,6,7,,4,9,,80.5,80.9,,40.7,27.6,69.1,0.4,11.4,35.9,0.317,13.8,20.2,0.684,14.5,39.3,13.6,8.5,5.9,15,21.5
331,Virginia Tech,33,11,22,0.333,1.29,5.32,,2,16,,9,9,,0,11,,65.3,69.4,,40.3,23.6,52.9,0.446,7.3,18.8,0.389,10.8,16.9,0.64,8.3,29.6,12,4.36,2.94,11.7,18.1
332,Wagner,30,10,20,0.333,-11.47,-4.99,,8,10,,8,5,,2,15,,68.4,73.5,,40.7,24.1,60.1,0.4,5.97,19.1,0.312,14.3,20.5,0.696,14.8,37.1,10.8,6.5,2.63,14,22.7
333,Wake Forest,32,13,19,0.406,4.62,7.68,,5,13,,11,7,,2,10,,69,72.1,,40.5,23.8,56.5,0.421,6.44,19.2,0.336,15,23.5,0.638,11.7,37.5,14.1,6.5,3.84,13.4,18.1
334,Washington,31,16,15,0.516,5.57,4.83,,5,13,,8,7,,3,7,,68.6,67.9,,40.2,24.7,56.4,0.438,6.23,18.7,0.333,13.1,19.1,0.683,10.6,34.9,13.3,4.9,4.94,11.6,17.3
335,Washington State,31,13,18,0.419,0.14,6.08,,7,11,,8,6,,3,9,,70.6,76.5,,40.5,24,55.2,0.434,6.9,20.2,0.342,15.8,21.9,0.72,9.1,33.1,14.6,3.87,3.29,11.8,18.4
336,Weber State,30,13,17,0.433,-7.29,-3.5,,8,10,,8,6,,4,9,,67,68,,40.3,21.4,50.6,0.422,7.23,20.2,0.357,17,22.8,0.748,9.43,33.2,11.9,5.27,4,13.4,18
337,West Virginia ,35,25,10,0.714,15.12,9.29,,11,7,,12,3,,5,5,,72.6,66.8,,40.3,24.9,61.1,0.408,6.49,20.5,0.316,16.3,24.7,0.662,16.4,36.3,14.1,10.7,2.74,12.9,23.5
338,Western Carolina,32,15,17,0.469,-5.83,-3.56,,9,9,,7,5,,6,10,,70.3,71.4,,40.8,25,57.5,0.434,6.16,18,0.342,14.3,20.3,0.7,12.5,35.3,11.7,8.13,4.41,13.6,21
339,Western Illinois,28,8,20,0.286,-13.81,-2.93,,3,13,,8,6,,0,13,,62.4,70.8,,40.2,22.1,55.1,0.401,6.71,19.2,0.35,11.5,16.5,0.698,7.39,32.4,12,5.29,2.39,12.6,17.3
340,Western Kentucky,32,20,12,0.625,1.12,-0.44,,12,6,,13,3,,5,8,,71.4,67.2,,40.5,24.8,57,0.435,7.75,21.4,0.362,14.1,21.6,0.654,11.3,37.2,14.3,5.47,3.31,12.9,18.1
341,Western Michigan,34,20,14,0.588,0.25,0.19,,10,8,,13,3,,5,9,,70.6,69.2,,40.4,24.1,53,0.454,6.94,19.1,0.364,15.5,22.1,0.703,9.94,32.6,12.5,6.47,2.26,11.9,18.1
342,Wichita State ,35,30,5,0.857,15.56,3.68,,17,1,,15,0,,10,2,,70.3,57.4,,40.3,24.6,55.2,0.445,6.83,19.1,0.357,14.3,20.4,0.701,11.9,35.6,13.6,7.14,3.83,9.34,16.8
343,William & Mary,33,20,13,0.606,2.82,-1.15,,12,6,,12,2,,6,10,,73.2,66.9,,40.3,25.3,52.3,0.483,8.88,22.3,0.398,13.7,18.7,0.734,7.52,32.3,14.8,6.18,4.15,11.5,15.5
344,Winthrop,32,19,13,0.594,-3.9,-7.38,,12,6,,11,3,,6,9,,73.6,67.5,,40.6,25.4,56.5,0.449,7.84,21.9,0.359,15,20.8,0.724,10.4,35.2,12.1,7,4.38,12.1,17.9
345,Wisconsin ,40,36,4,0.9,24.61,10.29,,16,2,,15,1,,10,2,,72.5,58.2,,40.3,25.4,52.9,0.479,7.2,19.8,0.365,14.6,19.1,0.763,9.57,33.5,12.6,4.35,3.17,7.4,12.5
346,Wofford ,35,28,7,0.8,2.56,-2.98,,16,2,,13,1,,10,5,,66.6,59.7,,40,23.4,51.5,0.454,6.34,17,0.372,13.5,19.7,0.688,9.26,32.5,13.2,6.51,2.49,10.8,16.8
347,Wright State,31,11,20,0.355,-6.41,-1.14,,3,13,,4,8,,6,10,,64.2,68,,40.3,23.1,52.2,0.442,6.26,18.4,0.34,11.8,16.9,0.697,7.48,29.1,13.1,5.42,2.42,12,19.2
348,Wyoming ,35,25,10,0.714,3.81,-0.04,,11,7,,17,2,,5,7,,61.5,56.4,,40.9,21.3,46.3,0.461,5.97,18.3,0.326,12.8,18.2,0.702,6.17,29.9,14.3,5.46,2.91,11.2,13.7
349,Xavier ,37,23,14,0.622,15.42,9.48,,9,9,,13,3,,5,7,,73.3,67.4,,40.7,25.8,54.4,0.475,6.32,18,0.351,15.3,20.9,0.73,9.84,34.6,16.1,6.03,2.86,12.1,17.9
350,Yale,32,22,10,0.688,3.53,-0.87,,11,4,,9,3,,11,6,,67.6,60.3,,40.6,23.1,52.1,0.444,6.88,18.6,0.37,14.5,20.4,0.711,11.3,35.6,13.7,5.88,3.97,12.7,17.3
351,Youngstown State,32,11,21,0.344,-7.63,-1.73,,2,14,,6,9,,3,12,,71.5,74.8,,40.3,25.2,57.1,0.442,6.5,18.4,0.354,14.5,20.9,0.694,9.84,33,14.1,6,2.09,11.7,18.3